{"accuracy": [0.5625, 0.5803571428571429, 0.6339285714285714, 0.7142857142857143, 0.7767857142857143, 0.7767857142857143, 0.9285714285714286, 0.9017857142857143, 0.9107142857142857, 0.9196428571428571, 0.9017857142857143, 0.9107142857142857, 0.9196428571428571, 0.9464285714285714, 0.9642857142857143, 0.9285714285714286, 0.9553571428571429, 0.9375, 0.9285714285714286, 0.9375, 0.9285714285714286, 0.9375, 0.9375, 0.9553571428571429, 0.9464285714285714, 0.9553571428571429, 0.9642857142857143, 0.9553571428571429, 0.9642857142857143, 0.9553571428571429, 0.9553571428571429, 0.9464285714285714, 0.9553571428571429, 0.9553571428571429, 0.9375, 0.9642857142857143, 0.9553571428571429, 0.9553571428571429, 0.9464285714285714, 0.9642857142857143], "recall": [0.4287981859410431, 0.7063492063492063, 0.7261337868480725, 0.6476190476190476, 0.7999999999999999, 0.8488095238095238, 0.8897392290249433, 0.9321428571428572, 0.8555555555555555, 0.9158730158730158, 0.9081632653061223, 0.8547619047619047, 0.8518140589569161, 0.9484126984126985, 0.978021978021978, 0.9351473922902495, 0.9591836734693878, 0.9215367965367965, 0.8744331065759638, 0.9413265306122449, 0.9172902494331066, 0.9, 0.9393939393939394, 0.9414965986394558, 0.9321428571428572, 0.9357142857142857, 0.9353741496598639, 0.9238095238095239, 0.9653061224489796, 0.9413265306122448, 0.9502164502164503, 0.9405844155844155, 0.942857142857143, 0.9081632653061223, 0.9345238095238095, 0.9428571428571428, 0.9761904761904762, 0.942795299938157, 0.9272108843537413, 0.9678571428571429], "precision": [0.4795918367346939, 0.48643578643578644, 0.5345238095238095, 0.6891156462585034, 0.7519841269841271, 0.6337146980004122, 0.9535714285714285, 0.8579931972789115, 0.9249999999999999, 0.8990929705215419, 0.8452380952380951, 0.9357142857142857, 0.9438775510204082, 0.9503968253968254, 0.9714285714285714, 0.907936507936508, 0.9413265306122449, 0.9444444444444445, 0.8710317460317459, 0.9361111111111111, 0.905952380952381, 0.9249999999999999, 0.9091269841269841, 0.9583333333333333, 0.9404761904761906, 0.9500000000000001, 0.979591836734694, 0.9523809523809524, 0.9583333333333333, 0.967687074829932, 0.9637188208616781, 0.9238095238095239, 0.9510204081632653, 0.9642857142857143, 0.9226190476190476, 0.9523809523809524, 0.9319727891156463, 0.9557823129251701, 0.9272108843537413, 0.9653061224489796], "loss": [0.42093534980501446, 0.40682752643312725, 0.3281689030783517, 0.22287848059620177, 0.18961973594767706, 0.1798690961939948, 0.08035021009189743, 0.07427863617028509, 0.0660090412545417, 0.0621076404516186, 0.0722226504502552, 0.06154282512475869, 0.054719491241225375, 0.048168453321393044, 0.031059342672571284, 0.05264925541788606, 0.03604475029195393, 0.046623090015990395, 0.051649946429928865, 0.04907400655585142, 0.04956674360437319, 0.0471906502461934, 0.04441323030706761, 0.03963309154538105, 0.04271855898592288, 0.040500353331611096, 0.03491118750233519, 0.04166018294043689, 0.033392687128590684, 0.04206069288193248, 0.04030545235478452, 0.04220594591423118, 0.04010135733655521, 0.03877320463860607, 0.04718906475838074, 0.03225427586325428, 0.03542383532580321, 0.03724321875987308, 0.042338057475197796, 0.029511185427379263], "roc_curve": [0.6422616184520946, 0.6931400169495409, 0.6861483313864265, 0.6503607503607504, 0.6690741357408023, 0.6831603581603581, 0.6577223481985387, 0.67005772005772, 0.6552669552669553, 0.6653588034540415, 0.6681653884034836, 0.6572631072631072, 0.6531116150163769, 0.6664462081128748, 0.6681929181929182, 0.668682860349527, 0.6672461577223481, 0.6630631713965047, 0.6592340639959687, 0.6681468883849836, 0.6634491170205455, 0.6603495270161936, 0.6665905082571748, 0.6635172587553541, 0.6617909867909868, 0.6630123844409558, 0.6612496850592089, 0.6613756613756613, 0.6660184612565565, 0.6650856638951876, 0.6647065897065897, 0.6642736892736892, 0.6633477633477635, 0.6596371882086166, 0.6664902998236332, 0.6632034632034632, 0.6723424723424724, 0.6633408919123204, 0.6631965917680204, 0.6673280423280424]}