{"losses": {"train": [0.5350471690480569, 0.4431253276186798, 0.4670698165710112, 0.30903776204319333, 0.26162617163958424, 0.26855661639075895, 0.21713364278195624, 0.1695742475496831, 0.13554726618652543, 0.13929448735187622, 0.12686645075551828, 0.11813964992303005, 0.1167197424396308, 0.132244909797781, 0.11467024531024932, 0.1098769644793885, 0.10477845741181889, 0.13673638420137155, 0.10101680809483779, 0.1025349234678839, 0.11060672733671681, 0.11901322017056924, 0.10309709887069678, 0.09706521165119766, 0.10310338905158763], "val": [0.1596086717732815, 0.10149541690021358, 0.15418332964746337, 0.16890688740143864, 0.0727559804993992, 0.05579040843793226, 0.04278910937577938, 0.05662496922675266, 0.043422385592500425, 0.04851009630135994, 0.033185574609722775, 0.0373553357177033, 0.05046016105298997, 0.036313692838920164, 0.033561263036751894, 0.027538847875830746, 0.031246702904216803, 0.029031372312491647, 0.0480578377495421, 0.02705200622034626, 0.028944340087147077, 0.030975746529734213, 0.028129011157998873, 0.027098464143681198, 0.030438642516718104]}, "accuracies": {"train": [0.7821969696969697, 0.8390151515151515, 0.84375, 0.8967803030303031, 0.9081439393939394, 0.8986742424242424, 0.9299242424242424, 0.9403409090909092, 0.9545454545454546, 0.9592803030303031, 0.9592803030303031, 0.9640151515151515, 0.9630681818181819, 0.9592803030303031, 0.9621212121212122, 0.9659090909090909, 0.9640151515151515, 0.9564393939393939, 0.9706439393939394, 0.9715909090909092, 0.9621212121212122, 0.9564393939393939, 0.9696969696969697, 0.9696969696969697, 0.9640151515151515], "val": [0.9356060606060607, 0.9621212121212122, 0.9431818181818182, 0.9242424242424243, 0.9734848484848485, 0.9886363636363636, 0.9886363636363636, 0.9772727272727273, 0.9924242424242424, 0.9848484848484849, 0.9886363636363636, 0.9886363636363636, 0.9848484848484849, 0.9886363636363636, 0.9924242424242424, 0.9962121212121212, 0.9962121212121212, 0.9962121212121212, 0.9848484848484849, 0.9924242424242424, 0.9962121212121212, 0.9924242424242424, 0.9924242424242424, 0.9962121212121212, 0.9962121212121212]}}